the_geom,objectid,station_id,lat,lon,borough,name,cartodb_id,created_at,updated_at
0101000020E6100000899FCD819C7F52C097C807B435624440,1,72,40.76727216,-73.99392888,Manhattan,72,1,2015-04-10 02:39:04.244513+00,2015-04-10 02:39:04.244513+00
0101000020E61000009C8FB6336D8052C0078EEFB40B5C4440,2,79,40.71911552,-74.00666661,Manhattan,79,2,2015-04-10 02:39:04.244513+00,2015-04-10 02:39:04.244513+00
0101000020E61000006C89E1AF028052C0A517FD7B075B4440,3,82,40.71117416,-74.00016545,Manhattan,82,3,2015-04-10 02:39:04.244513+00,2015-04-10 02:39:04.244513+00
0101000020E61000003F96B982188052C0D584083FF25E4440,4,116,40.74177603,-74.00149746,Manhattan,116,4,2015-04-10 02:39:04.244513+00,2015-04-10 02:39:04.244513+00
0101000020E61000005CA5D0796E8052C0067ADCDEA85D4440,5,127,40.73172428,-74.00674436,Manhattan,127,5,2015-04-10 02:39:04.244513+00,2015-04-10 02:39:04.244513+00
0101000020E6100000E5E8B2A6308052C0BACB3C6D115D4440,6,128,40.72710258,-74.00297088,Manhattan,128,6,2015-04-10 02:39:04.244513+00,2015-04-10 02:39:04.244513+00
0101000020E61000006612FB5C447E52C0D86861C17C614440,7,137,40.761628,-73.972924,Manhattan,137,7,2015-04-10 02:39:04.244513+00,2015-04-10 02:39:04.244513+00
0101000020E6100000C958D52A958052C00E10E3CFAD5B4440,8,146,40.71625008,-74.0091059,Manhattan,146,8,2015-04-10 02:39:04.244513+00,2015-04-10 02:39:04.244513+00
0101000020E6100000638C15CDB78052C08FB533AD925B4440,9,147,40.71542197,-74.01121978,Manhattan,147,9,2015-04-10 02:39:04.244513+00,2015-04-10 02:39:04.244513+00
0101000020E6100000F784605AC67E52C0B97CC450455C4440,10,150,40.7208736,-73.98085795,Manhattan,150,10,2015-04-10 02:39:04.244513+00,2015-04-10 02:39:04.244513+00
0101000020E6100000E7C8C226D27F52C098BC8330645C4440,11,151,40.7218158,-73.99720307,Manhattan,151,11,2015-04-10 02:39:04.244513+00,2015-04-10 02:39:04.244513+00
0101000020E610000039B6622C958052C038D2D5537C5B4440,12,152,40.71473993,-74.00910627,Manhattan,152,12,2015-04-10 02:39:04.244513+00,2015-04-10 02:39:04.244513+00
0101000020E6100000F825AA0AD37E52C02C358D4E43604440,13,153,40.752062307,-73.9816324043,Manhattan,153,13,2015-04-10 02:39:04.244513+00,2015-04-10 02:39:04.244513+00
0101000020E6100000269BB19F9C7E52C0AB8CF2FDC55F4440,14,160,40.748238,-73.978311,Manhattan,160,14,2015-04-10 02:39:04.244513+00,2015-04-10 02:39:04.244513+00
0101000020E610000004D571E2E07F52C0C62F1A2E555D4440,15,161,40.72917025,-73.99810231,Manhattan,161,15,2015-04-10 02:39:04.244513+00,2015-04-10 02:39:04.244513+00
0101000020E61000003D85B4C8197E52C0A441179A69604440,16,164,40.75323098,-73.97032517,Manhattan,164,16,2015-04-10 02:39:04.244513+00,2015-04-10 02:39:04.244513+00
0101000020E6100000F6B36C8F777E52C076FA3CB4DB5F4440,17,167,40.7489006,-73.97604882,Manhattan,167,17,2015-04-10 02:39:04.244513+00,2015-04-10 02:39:04.244513+00
0101000020E61000004A8EE7E9A67F52C0704A2AA5AE5E4440,18,168,40.73971301,-73.99456405,Manhattan,168,18,2015-04-10 02:39:04.244513+00,2015-04-10 02:39:04.244513+00
0101000020E61000004CD053D2007F52C0720E679A5C614440,19,173,40.76064679,-73.98442659,Manhattan,173,19,2015-04-10 02:39:04.244513+00,2015-04-10 02:39:04.244513+00
0101000020E610000037C0907A8D7E52C0E28AFC4B7C5E4440,20,174,40.7381765,-73.97738662,Manhattan,174,20,2015-04-10 02:39:04.244513+00,2015-04-10 02:39:04.244513+00
0101000020E6100000B00E88ECAA8052C0043C8215C25A4440,21,195,40.70905623,-74.01043382,Manhattan,195,21,2015-04-10 02:39:04.244513+00,2015-04-10 02:39:04.244513+00
0101000020E6100000ED1AB5AC6F8052C0F7A1FECC255F4440,22,212,40.74334935,-74.00681753,Manhattan,212,22,2015-04-10 02:39:04.244513+00,2015-04-10 02:39:04.244513+00
0101000020E61000009483FE19FF7F52C013B24274705E4440,23,223,40.73781509,-73.99994661,Manhattan,223,23,2015-04-10 02:39:04.244513+00,2015-04-10 02:39:04.244513+00
0101000020E610000049D0647C5A8052C0B7A952F8105B4440,24,224,40.71146364,-74.00552427,Manhattan,224,24,2015-04-10 02:39:04.244513+00,2015-04-10 02:39:04.244513+00
0101000020E61000009AFEB78A838052C09F87FAFDF75E4440,25,225,40.74195138,-74.00803013,Manhattan,225,25,2015-04-10 02:39:04.244513+00,2015-04-10 02:39:04.244513+00
0101000020E61000006D3E543D337E52C0A926837F96604440,26,228,40.7546011026,-73.971878855,Manhattan,228,26,2015-04-10 02:39:04.244513+00,2015-04-10 02:39:04.244513+00
0101000020E6100000CEB65B3C9A7F52C0822F514B1C5D4440,27,229,40.72743423,-73.99379025,Manhattan,229,27,2015-04-10 02:39:04.244513+00,2015-04-10 02:39:04.244513+00
0101000020E61000009F5A5A452D7F52C0275ECD8C3C5D4440,28,236,40.7284186,-73.98713956,Manhattan,236,28,2015-04-10 02:39:04.244513+00,2015-04-10 02:39:04.244513+00
0101000020E61000008E3C7175267F52C0ED581DDF7F5D4440,29,237,40.73047309,-73.98672378,Manhattan,237,29,2015-04-10 02:39:04.244513+00,2015-04-10 02:39:04.244513+00
0101000020E6100000DC08ABBF8C8052C004DF396C3B5E4440,30,238,40.7361967,-74.00859207,Manhattan,238,30,2015-04-10 02:39:04.244513+00,2015-04-10 02:39:04.244513+00
0101000020E61000007B8839204F8052C0C43DFCCE1F5E4440,31,247,40.73535398,-74.00483091,Manhattan,247,31,2015-04-10 02:39:04.244513+00,2015-04-10 02:39:04.244513+00
0101000020E61000008E0DAD6C7E8052C06B67336F655C4440,32,248,40.72185379,-74.00771779,Manhattan,248,32,2015-04-10 02:39:04.244513+00,2015-04-10 02:39:04.244513+00
0101000020E61000007EA36E72938052C03333186AFE5B4440,33,249,40.71870987,-74.0090009,Manhattan,249,33,2015-04-10 02:39:04.244513+00,2015-04-10 02:39:04.244513+00
0101000020E6100000F42200C1B87F52C0FA1BFF23BE5C4440,34,250,40.72456089,-73.99565293,Manhattan,250,34,2015-04-10 02:39:04.244513+00,2015-04-10 02:39:04.244513+00
0101000020E6100000DFCC0FC8AA7F52C0E0C2BBE0905C4440,35,251,40.72317958,-73.99480012,Manhattan,251,35,2015-04-10 02:39:04.244513+00,2015-04-10 02:39:04.244513+00
0101000020E6100000B668F5C2E77F52C0995E308EBA5D4440,36,252,40.73226398,-73.99852205,Manhattan,252,36,2015-04-10 02:39:04.244513+00,2015-04-10 02:39:04.244513+00
0101000020E6100000EDF5DA82A67F52C0F6C7089B225E4440,37,253,40.73543934,-73.99453948,Manhattan,253,37,2015-04-10 02:39:04.244513+00,2015-04-10 02:39:04.244513+00
0101000020E6100000D580E546DF7F52C0A2F4C1D51E5E4440,38,254,40.73532427,-73.99800419,Manhattan,254,38,2015-04-10 02:39:04.244513+00,2015-04-10 02:39:04.244513+00
0101000020E6100000B313D57A288052C0262D66C6145C4440,39,257,40.71939226,-74.00247214,Manhattan,257,39,2015-04-10 02:39:04.244513+00,2015-04-10 02:39:04.244513+00
0101000020E6100000A6ADC530CA8052C094393459C1594440,40,259,40.70122128,-74.01234218,Manhattan,259,40,2015-04-10 02:39:04.244513+00,2015-04-10 02:39:04.244513+00
0101000020E61000004FB5DF4EBF8052C01BED0AFE105A4440,41,260,40.70365182,-74.01167797,Manhattan,260,41,2015-04-10 02:39:04.244513+00,2015-04-10 02:39:04.244513+00
0101000020E6100000080F9695C47F52C0ADBF5CE3CF5B4440,42,263,40.71729,-73.996375,Manhattan,263,42,2015-04-10 02:39:04.244513+00,2015-04-10 02:39:04.244513+00
0101000020E6100000DCF710E2778052C069F52BD2805A4440,43,264,40.70706456,-74.00731853,Manhattan,264,43,2015-04-10 02:39:04.244513+00,2015-04-10 02:39:04.244513+00
0101000020E61000000A04F84E747F52C044086BD7735C4440,44,265,40.72229346,-73.99147535,Manhattan,265,44,2015-04-10 02:39:04.244513+00,2015-04-10 02:39:04.244513+00
0101000020E6100000C3C13EA2727E52C0E589D464A15C4440,45,266,40.72368361,-73.97574813,Manhattan,266,45,2015-04-10 02:39:04.244513+00,2015-04-10 02:39:04.244513+00
0101000020E6100000FE0C3CB4357F52C05FF943BF1F604440,46,267,40.75097711,-73.98765428,Manhattan,267,46,2015-04-10 02:39:04.244513+00,2015-04-10 02:39:04.244513+00
0101000020E6100000D9029B9BFB7F52C0F539C95F0B5C4440,47,268,40.71910537,-73.99973337,Manhattan,268,47,2015-04-10 02:39:04.244513+00,2015-04-10 02:39:04.244513+00
0101000020E6100000DBAC0A47AB8052C0BEA6495CD65B4440,48,276,40.71748752,-74.0104554,Manhattan,276,48,2015-04-10 02:39:04.244513+00,2015-04-10 02:39:04.244513+00
0101000020E6100000E5F161B7AF7F52C0D2FEF425DD5D4440,49,280,40.73331967,-73.99510132,Manhattan,280,49,2015-04-10 02:39:04.244513+00,2015-04-10 02:39:04.244513+00
0101000020E61000003E383551517E52C05BB1457ED7614440,50,281,40.7643971,-73.97371465,Manhattan,281,50,2015-04-10 02:39:04.244513+00,2015-04-10 02:39:04.244513+00
0101000020E610000083C4DB302B8052C0DB37E0D5975E4440,51,284,40.7390169121,-74.0026376103,Manhattan,284,51,2015-04-10 02:39:04.244513+00,2015-04-10 02:39:04.244513+00
0101000020E61000003161A348687F52C021276352055E4440,52,285,40.73454567,-73.99074142,Manhattan,285,52,2015-04-10 02:39:04.244513+00,2015-04-10 02:39:04.244513+00
0101000020E610000085CA6B02BF7D52C056CF180C4E614440,53,290,40.76020258,-73.96478473,Manhattan,290,53,2015-04-10 02:39:04.244513+00,2015-04-10 02:39:04.244513+00
0101000020E6100000996314A9077F52C035273371475B4440,54,291,40.713126,-73.984844,Manhattan,291,54,2015-04-10 02:39:04.244513+00,2015-04-10 02:39:04.244513+00
0101000020E6100000960349AA687F52C0984E3AC3795D4440,55,293,40.73028666,-73.9907647,Manhattan,293,55,2015-04-10 02:39:04.244513+00,2015-04-10 02:39:04.244513+00
0101000020E6100000A9E22EE0B97F52C0AE6CEF8D805D4440,56,294,40.73049393,-73.9957214,Manhattan,294,56,2015-04-10 02:39:04.244513+00,2015-04-10 02:39:04.244513+00
0101000020E6100000ED4E6C4A8C7F52C070EB1C44665B4440,57,295,40.71406667,-73.99293911,Manhattan,295,57,2015-04-10 02:39:04.244513+00,2015-04-10 02:39:04.244513+00
0101000020E61000002DE85097CF7F52C0F3FBD45E685B4440,58,296,40.71413089,-73.9970468,Manhattan,296,58,2015-04-10 02:39:04.244513+00,2015-04-10 02:39:04.244513+00
0101000020E61000009D5A08B9297F52C054B6200BFB5D4440,59,297,40.734232,-73.986923,Manhattan,297,59,2015-04-10 02:39:04.244513+00,2015-04-10 02:39:04.244513+00
0101000020E6100000B9FA7BA45F7F52C00AECAD95335D4440,60,300,40.728145,-73.990214,Manhattan,300,60,2015-04-10 02:39:04.244513+00,2015-04-10 02:39:04.244513+00
0101000020E6100000D8FF95B7F47E52C0A21101F16F5C4440,61,301,40.72217444,-73.98368779,Manhattan,301,61,2015-04-10 02:39:04.244513+00,2015-04-10 02:39:04.244513+00
0101000020E61000004FF2E268967E52C0910B19D5435C4440,62,302,40.72082834,-73.97793172,Manhattan,302,62,2015-04-10 02:39:04.244513+00,2015-04-10 02:39:04.244513+00
0101000020E610000027AD0AB8F77F52C09519278D9F5C4440,63,303,40.72362738,-73.99949601,Manhattan,303,63,2015-04-10 02:39:04.244513+00,2015-04-10 02:39:04.244513+00
0101000020E61000008CBE0114DF8052C0AA8CA127315A4440,64,304,40.70463334,-74.01361706,Manhattan,304,64,2015-04-10 02:39:04.244513+00,2015-04-10 02:39:04.244513+00
0101000020E6100000E9A52750E77D52C041C252C966614440,65,305,40.76095756,-73.96724467,Manhattan,305,65,2015-04-10 02:39:04.244513+00,2015-04-10 02:39:04.244513+00
0101000020E61000008EED60D2568052C02B95B32CA75A4440,66,306,40.70823502,-74.00530063,Manhattan,306,66,2015-04-10 02:39:04.244513+00,2015-04-10 02:39:04.244513+00
0101000020E6100000D4B385805A7F52C091769F166D5B4440,67,307,40.71427487,-73.98990025,Manhattan,307,67,2015-04-10 02:39:04.244513+00,2015-04-10 02:39:04.244513+00
0101000020E6100000B5838498E77F52C0139E49E8455B4440,68,308,40.71307916,-73.99851193,Manhattan,308,68,2015-04-10 02:39:04.244513+00,2015-04-10 02:39:04.244513+00
0101000020E61000009FE5322AD58052C01A06C826845B4440,69,309,40.7149787,-74.013012,Manhattan,309,69,2015-04-10 02:39:04.244513+00,2015-04-10 02:39:04.244513+00
0101000020E610000023B2B5B53B7F52C05AFE3AD6CD5B4440,70,311,40.7172274,-73.98802084,Manhattan,311,70,2015-04-10 02:39:04.244513+00,2015-04-10 02:39:04.244513+00
0101000020E610000057862A924D7F52C0EB9912076C5C4440,71,312,40.722055,-73.989111,Manhattan,312,71,2015-04-10 02:39:04.244513+00,2015-04-10 02:39:04.244513+00
0101000020E610000001DF48C96D8052C0F77189C70D5A4440,72,315,40.70355377,-74.00670227,Manhattan,315,72,2015-04-10 02:39:04.244513+00,2015-04-10 02:39:04.244513+00
0101000020E6100000FC0E46106B8052C0034FE993D25A4440,73,316,40.70955958,-74.00653609,Manhattan,316,73,2015-04-10 02:39:04.244513+00,2015-04-10 02:39:04.244513+00
0101000020E61000008E321EADD67E52C0DEE06F5EBD5C4440,74,317,40.72453734,-73.98185424,Manhattan,317,74,2015-04-10 02:39:04.244513+00,2015-04-10 02:39:04.244513+00
0101000020E6100000464B6A52977E52C0F65D8DA368604440,75,318,40.75320159,-73.9779874,Manhattan,318,75,2015-04-10 02:39:04.244513+00,2015-04-10 02:39:04.244513+00
0101000020E61000005579A298998052C08D5A8C264F5B4440,76,319,40.71336124,-74.00937622,Manhattan,319,76,2015-04-10 02:39:04.244513+00,2015-04-10 02:39:04.244513+00
0101000020E610000048C11DE45A8052C077D89018D95B4440,77,320,40.717571,-74.005549,Manhattan,320,77,2015-04-10 02:39:04.244513+00,2015-04-10 02:39:04.244513+00
0101000020E6100000516A02EB057F52C04BB7A7033D5E4440,78,325,40.73624527,-73.98473765,Manhattan,325,78,2015-04-10 02:39:04.244513+00,2015-04-10 02:39:04.244513+00
0101000020E6100000AAA90D36FE7E52C081C21C3E615D4440,79,326,40.72953837,-73.98426726,Manhattan,326,79,2015-04-10 02:39:04.244513+00,2015-04-10 02:39:04.244513+00
0101000020E61000001BDD51AE0F8152C0E6C2F8EB8F5B4440,80,327,40.7153379,-74.01658354,Manhattan,327,80,2015-04-10 02:39:04.244513+00,2015-04-10 02:39:04.244513+00
0101000020E610000080706C3D9E8052C0F8996594AD5C4440,81,328,40.72405549,-74.00965965,Manhattan,328,81,2015-04-10 02:39:04.244513+00,2015-04-10 02:39:04.244513+00
0101000020E6100000BC5A5C31A78052C03BD610EA365C4440,82,329,40.72043411,-74.01020609,Manhattan,329,82,2015-04-10 02:39:04.244513+00,2015-04-10 02:39:04.244513+00
0101000020E6100000F918022F5C8052C0AB91FC9C745B4440,83,330,40.71450451,-74.00562789,Manhattan,330,83,2015-04-10 02:39:04.244513+00,2015-04-10 02:39:04.244513+00
0101000020E61000007C68B7C37B7F52C09A3AB0BB195B4440,84,331,40.71173107,-73.99193043,Manhattan,331,84,2015-04-10 02:39:04.244513+00,2015-04-10 02:39:04.244513+00
0101000020E6100000C3780CCDAF7E52C07CBA7711295B4440,85,332,40.71219906,-73.97948148,Manhattan,332,85,2015-04-10 02:39:04.244513+00,2015-04-10 02:39:04.244513+00
0101000020E6100000C715641FD37F52C0CC3D834B065F4440,86,334,40.74238787,-73.99726235,Manhattan,334,86,2015-04-10 02:39:04.244513+00,2015-04-10 02:39:04.244513+00
0101000020E610000023031B6F9E7F52C0333885E2505D4440,87,335,40.72903917,-73.99404649,Manhattan,335,87,2015-04-10 02:39:04.244513+00,2015-04-10 02:39:04.244513+00
0101000020E6100000757C0296F07F52C0DC1EDB03805D4440,88,336,40.73047747,-73.99906065,Manhattan,336,88,2015-04-10 02:39:04.244513+00,2015-04-10 02:39:04.244513+00
0101000020E610000041E08A62898052C00A0E5BD2155A4440,89,337,40.7037992,-74.00838676,Manhattan,337,89,2015-04-10 02:39:04.244513+00,2015-04-10 02:39:04.244513+00
0101000020E6100000E4F486AD597E52C0AFB2E7F1E65C4440,90,339,40.72580614,-73.97422494,Manhattan,339,90,2015-04-10 02:39:04.244513+00,2015-04-10 02:39:04.244513+00
0101000020E610000041AB367D377F52C010684A2B395B4440,91,340,40.71269042,-73.98776323,Manhattan,340,91,2015-04-10 02:39:04.244513+00,2015-04-10 02:39:04.244513+00
0101000020E6100000D83E75807B7E52C09BD2504DE15B4440,92,341,40.71782143,-73.97628939,Manhattan,341,92,2015-04-10 02:39:04.244513+00,2015-04-10 02:39:04.244513+00
0101000020E610000000AA3E02BB7E52C0D776D77BD35B4440,93,342,40.71739973,-73.98016555,Manhattan,342,93,2015-04-10 02:39:04.244513+00,2015-04-10 02:39:04.244513+00
0101000020E610000049207A8ACF7F52C054A3692A455E4440,94,345,40.73649403,-73.99704374,Manhattan,345,94,2015-04-10 02:39:04.244513+00,2015-04-10 02:39:04.244513+00
0101000020E61000005784CE3B658052C0032AD64E465E4440,95,346,40.73652889,-74.00618026,Manhattan,346,95,2015-04-10 02:39:04.244513+00,2015-04-10 02:39:04.244513+00
0101000020E610000016B6A0AA7A8052C07CE4820B475D4440,96,347,40.72873888,-74.00748842,Manhattan,347,96,2015-04-10 02:39:04.244513+00,2015-04-10 02:39:04.244513+00
0101000020E6100000AF739952198052C04E154A93C95C4440,97,348,40.72490985,-74.00154702,Manhattan,348,97,2015-04-10 02:39:04.244513+00,2015-04-10 02:39:04.244513+00
0101000020E610000086B62957EE7E52C038C7449BF75B4440,98,349,40.71850211,-73.98329859,Manhattan,349,98,2015-04-10 02:39:04.244513+00,2015-04-10 02:39:04.244513+00
0101000020E61000006D4BBB772B7F52C0BBDA6D59985B4440,99,350,40.71559509,-73.9870295,Manhattan,350,99,2015-04-10 02:39:04.244513+00,2015-04-10 02:39:04.244513+00
0101000020E61000009AB00E57648052C09E8B0150475A4440,100,351,40.70530954,-74.00612572,Manhattan,351,100,2015-04-10 02:39:04.244513+00,2015-04-10 02:39:04.244513+00
0101000020E6100000ADD8CBD38A7E52C0C3686A05B7614440,101,352,40.76340613,-73.97722479,Manhattan,352,101,2015-04-10 02:39:04.244513+00,2015-04-10 02:39:04.244513+00
0101000020E6100000F78B04C7FB7F52C0AE77BB4FA65B4440,102,355,40.71602118,-73.99974372,Manhattan,355,102,2015-04-10 02:39:04.244513+00,2015-04-10 02:39:04.244513+00
0101000020E6100000DFC8A517E37E52C092EB9209AD5B4440,103,356,40.71622644,-73.98261206,Manhattan,356,103,2015-04-10 02:39:04.244513+00,2015-04-10 02:39:04.244513+00
0101000020E6100000C581B407767F52C0643DD426C65D4440,104,357,40.73261787,-73.99158043,Manhattan,357,104,2015-04-10 02:39:04.244513+00,2015-04-10 02:39:04.244513+00
0101000020E610000055428687748052C0E0D3C8E7CF5D4440,105,358,40.73291553,-74.00711384,Manhattan,358,105,2015-04-10 02:39:04.244513+00,2015-04-10 02:39:04.244513+00
0101000020E61000007917A929667E52C00168F6EEA6604440,106,359,40.75510267,-73.97498696,Manhattan,359,106,2015-04-10 02:39:04.244513+00,2015-04-10 02:39:04.244513+00
0101000020E61000006983515A918052C0D4FE2F95845A4440,107,360,40.70717936,-74.00887308,Manhattan,360,107,2015-04-10 02:39:04.244513+00,2015-04-10 02:39:04.244513+00
0101000020E610000018B7E9637B7F52C0EA38228AA75B4440,108,361,40.71605866,-73.99190759,Manhattan,361,108,2015-04-10 02:39:04.244513+00,2015-04-10 02:39:04.244513+00
0101000020E6100000755CE7C0337F52C007C8174C38604440,109,362,40.75172632,-73.98753523,Manhattan,362,109,2015-04-10 02:39:04.244513+00,2015-04-10 02:39:04.244513+00
0101000020E6100000560D01B5188152C02D30E4D7AA5A4440,110,363,40.70834698,-74.01713445,Manhattan,363,110,2015-04-10 02:39:04.244513+00,2015-04-10 02:39:04.244513+00
0101000020E6100000A93CFCD41F7E52C0D872C8110F614440,111,367,40.75828065,-73.97069431,Manhattan,367,111,2015-04-10 02:39:04.244513+00,2015-04-10 02:39:04.244513+00
0101000020E6100000DC562C33238052C0487177047D5D4440,112,368,40.73038599,-74.00214988,Manhattan,368,112,2015-04-10 02:39:04.244513+00,2015-04-10 02:39:04.244513+00
0101000020E610000037ECF84C048052C0CF8203CFB95D4440,113,369,40.73224119,-74.00026394,Manhattan,369,113,2015-04-10 02:39:04.244513+00,2015-04-10 02:39:04.244513+00
0101000020E61000001C6F3F05CE7F52C000BD3555075D4440,114,375,40.72679454,-73.99695094,Manhattan,375,114,2015-04-10 02:39:04.244513+00,2015-04-10 02:39:04.244513+00
0101000020E61000007F6E574B768052C0707A3AD6B35A4440,115,376,40.70862144,-74.00722156,Manhattan,376,115,2015-04-10 02:39:04.244513+00,2015-04-10 02:39:04.244513+00
0101000020E61000001DCB43C85C8052C0740DA893785C4440,116,377,40.72243797,-74.00566443,Manhattan,377,116,2015-04-10 02:39:04.244513+00,2015-04-10 02:39:04.244513+00
0101000020E61000007B61C859767F52C09292B012E45F4440,117,379,40.749156,-73.9916,Manhattan,379,117,2015-04-10 02:39:04.244513+00,2015-04-10 02:39:04.244513+00
0101000020E6100000ED350520308052C09C7CDBD0F35D4440,118,380,40.73401143,-74.00293877,Manhattan,380,118,2015-04-10 02:39:04.244513+00,2015-04-10 02:39:04.244513+00
0101000020E6100000CC1CDBFC7C7F52C0F107CBD0115E4440,119,382,40.73492695,-73.99200509,Manhattan,382,119,2015-04-10 02:39:04.244513+00,2015-04-10 02:39:04.244513+00
0101000020E6100000ADB3946A048052C0125811021C5E4440,120,383,40.735238,-74.000271,Manhattan,383,120,2015-04-10 02:39:04.244513+00,2015-04-10 02:39:04.244513+00
0101000020E61000000F4E6076D37D52C0DC13DFFE04614440,121,385,40.75797322,-73.96603308,Manhattan,385,121,2015-04-10 02:39:04.244513+00,2015-04-10 02:39:04.244513+00
0101000020E61000009F18D164268052C0FE8BD625835B4440,122,386,40.71494807,-74.00234482,Manhattan,386,122,2015-04-10 02:39:04.244513+00,2015-04-10 02:39:04.244513+00
0101000020E6100000626158764B8052C08BB7A28D3A5B4440,123,387,40.71273266,-74.0046073,Manhattan,387,123,2015-04-10 02:39:04.244513+00,2015-04-10 02:39:04.244513+00
0101000020E6100000B4219150308052C01720047BF65F4440,124,388,40.749717753,-74.002950346,Manhattan,388,124,2015-04-10 02:39:04.244513+00,2015-04-10 02:39:04.244513+00
0101000020E6100000D8EAB48DB77E52C0A48EDCBB8A5C4440,125,393,40.72299208,-73.97995466,Manhattan,393,125,2015-04-10 02:39:04.244513+00,2015-04-10 02:39:04.244513+00
0101000020E6100000E8D3A268927E52C033E33483D35C4440,126,394,40.72521311,-73.97768752,Manhattan,394,126,2015-04-10 02:39:04.244513+00,2015-04-10 02:39:04.244513+00
0101000020E610000027D3BE76D57E52C05ABDB577105C4440,127,400,40.71926081,-73.98178024,Manhattan,400,127,2015-04-10 02:39:04.244513+00,2015-04-10 02:39:04.244513+00
0101000020E6100000DD49ADC75B7F52C01171A21A2F5C4440,128,401,40.72019576,-73.98997825,Manhattan,401,128,2015-04-10 02:39:04.244513+00,2015-04-10 02:39:04.244513+00
0101000020E6100000C9EC08C8547F52C0AAB6934BC35E4440,129,402,40.7403432,-73.98955109,Manhattan,402,129,2015-04-10 02:39:04.244513+00,2015-04-10 02:39:04.244513+00
0101000020E6100000C7087C8C677F52C0745AC678CD5C4440,130,403,40.72502876,-73.99069656,Manhattan,403,130,2015-04-10 02:39:04.244513+00,2015-04-10 02:39:04.244513+00
0101000020E61000008405F43A5A8052C03974D123CB5E4440,131,404,40.7405826,-74.00550867,Manhattan,404,131,2015-04-10 02:39:04.244513+00,2015-04-10 02:39:04.244513+00
0101000020E610000075A978FF848052C0447188DDA15E4440,132,405,40.739323,-74.008119,Manhattan,405,132,2015-04-10 02:39:04.244513+00,2015-04-10 02:39:04.244513+00
0101000020E61000002714D0BC9D7F52C0FA89E2FCF95A4440,133,408,40.71076228,-73.99400398,Manhattan,408,133,2015-04-10 02:39:04.244513+00,2015-04-10 02:39:04.244513+00
0101000020E6100000B8E166290D7F52C0B2020B763E5C4440,134,410,40.72066442,-73.98517977,Manhattan,410,134,2015-04-10 02:39:04.244513+00,2015-04-10 02:39:04.244513+00
0101000020E61000000B558704827E52C0CABECC6D735C4440,135,411,40.72228087,-73.97668709,Manhattan,411,135,2015-04-10 02:39:04.244513+00,2015-04-10 02:39:04.244513+00
0101000020E6100000BC013756A17F52C0BB5A5D929F5B4440,136,412,40.7158155,-73.99422366,Manhattan,412,136,2015-04-10 02:39:04.244513+00,2015-04-10 02:39:04.244513+00
0101000020E6100000C0E34FB2978052C0E7944AEB335A4440,137,415,40.7047177,-74.00926027,Manhattan,415,137,2015-04-10 02:39:04.244513+00,2015-04-10 02:39:04.244513+00
0101000020E61000006FA3A221A78052C076461070405B4440,138,417,40.71291224,-74.01020234,Manhattan,417,138,2015-04-10 02:39:04.244513+00,2015-04-10 02:39:04.244513+00
0101000020E6100000D7E3ABFD3B7F52C04EB628E69F624440,139,422,40.770513,-73.988038,Manhattan,422,139,2015-04-10 02:39:04.244513+00,2015-04-10 02:39:04.244513+00
0101000020E61000000BDCC66D297F52C06587231507624440,140,423,40.76584941,-73.98690506,Manhattan,423,140,2015-04-10 02:39:04.244513+00,2015-04-10 02:39:04.244513+00
0101000020E61000001B3A8295D88052C0172E7B5AD85B4440,141,426,40.71754834,-74.01322069,Manhattan,426,141,2015-04-10 02:39:04.244513+00,2015-04-10 02:39:04.244513+00
0101000020E6100000D3E499C7E98052C0669CE3BFEB594440,142,427,40.70251526,-74.01427023,Manhattan,427,142,2015-04-10 02:39:04.244513+00,2015-04-10 02:39:04.244513+00
0101000020E6100000DF1197A6387F52C0543BC2F3C15C4440,143,428,40.72467721,-73.98783413,Manhattan,428,143,2015-04-10 02:39:04.244513+00,2015-04-10 02:39:04.244513+00
0101000020E61000001FD42488F67E52C09B15D46FF45C4440,144,432,40.72621788,-73.98379855,Manhattan,432,144,2015-04-10 02:39:04.244513+00,2015-04-10 02:39:04.244513+00
0101000020E61000001E5812ADC17E52C02AF4F3BD615D4440,145,433,40.72955361,-73.98057249,Manhattan,433,145,2015-04-10 02:39:04.244513+00,2015-04-10 02:39:04.244513+00
0101000020E6100000FE8FA7033C8052C0784F2912205F4440,146,434,40.74317449,-74.00366443,Manhattan,434,146,2015-04-10 02:39:04.244513+00,2015-04-10 02:39:04.244513+00
0101000020E610000002C59238A07F52C0202D2F0EF15E4440,147,435,40.74173969,-73.99415556,Manhattan,435,147,2015-04-10 02:39:04.244513+00,2015-04-10 02:39:04.244513+00
0101000020E6100000406061DB147F52C0AC2E4BFE275D4440,148,438,40.72779126,-73.98564945,Manhattan,438,148,2015-04-10 02:39:04.244513+00,2015-04-10 02:39:04.244513+00
0101000020E6100000AE5BE089587F52C0EA4BCE7EF65C4440,149,439,40.7262807,-73.98978041,Manhattan,439,149,2015-04-10 02:39:04.244513+00,2015-04-10 02:39:04.244513+00
0101000020E6100000E63AFDC2427E52C0E9E0046E53604440,150,440,40.75255434,-73.97282625,Manhattan,440,150,2015-04-10 02:39:04.244513+00,2015-04-10 02:39:04.244513+00
0101000020E6100000C005C31EEA7D52C03663BFCBC4604440,151,441,40.756014,-73.967416,Manhattan,441,151,2015-04-10 02:39:04.244513+00,2015-04-10 02:39:04.244513+00
0101000020E61000009EC297479C7F52C06C7FAEDB915F4440,152,442,40.746647,-73.993915,Manhattan,442,152,2015-04-10 02:39:04.244513+00,2015-04-10 02:39:04.244513+00
0101000020E61000009CE2ED384E7F52C00F5CE731055F4440,153,444,40.7423543,-73.98915076,Manhattan,444,153,2015-04-10 02:39:04.244513+00,2015-04-10 02:39:04.244513+00
0101000020E610000084BB0990CF7E52C0765DC56E1B5D4440,154,445,40.72740794,-73.98142006,Manhattan,445,154,2015-04-10 02:39:04.244513+00,2015-04-10 02:39:04.244513+00
0101000020E6100000F638E1F3B27F52C088CA4FD6575F4440,155,446,40.74487634,-73.99529885,Manhattan,446,155,2015-04-10 02:39:04.244513+00,2015-04-10 02:39:04.244513+00
0101000020E6100000A484C2DC0C7F52C0723093E4C0614440,156,447,40.76370739,-73.9851615,Manhattan,447,156,2015-04-10 02:39:04.244513+00,2015-04-10 02:39:04.244513+00
0101000020E61000000F7AA995DD7F52C00D90981DD8604440,157,448,40.75660359,-73.9979009,Manhattan,448,157,2015-04-10 02:39:04.244513+00,2015-04-10 02:39:04.244513+00
0101000020E61000003FA9C0A4397F52C002176DBEDE614440,158,449,40.76461837,-73.98789473,Manhattan,449,158,2015-04-10 02:39:04.244513+00,2015-04-10 02:39:04.244513+00
0101000020E61000007571926F397F52C0D14311DC91614440,159,450,40.76227205,-73.98788205,Manhattan,450,159,2015-04-10 02:39:04.244513+00,2015-04-10 02:39:04.244513+00
0101000020E610000094B3F31BF27F52C016DFE7BE535F4440,160,453,40.74475148,-73.99915362,Manhattan,453,160,2015-04-10 02:39:04.244513+00,2015-04-10 02:39:04.244513+00
0101000020E61000009A4E06C5D17D52C0F8B6241095604440,161,454,40.75455731,-73.96592976,Manhattan,454,161,2015-04-10 02:39:04.244513+00,2015-04-10 02:39:04.244513+00
0101000020E61000003A44E1F0047E52C02E10446100604440,162,455,40.75001986,-73.96905301,Manhattan,455,162,2015-04-10 02:39:04.244513+00,2015-04-10 02:39:04.244513+00
0101000020E6100000E1B0FB5E567E52C0F8DABEEE3D614440,163,456,40.7597108,-73.97402311,Manhattan,456,163,2015-04-10 02:39:04.244513+00,2015-04-10 02:39:04.244513+00
0101000020E61000004403340AD47E52C093E324402B624440,164,457,40.76695317,-73.98169333,Manhattan,457,164,2015-04-10 02:39:04.244513+00,2015-04-10 02:39:04.244513+00
0101000020E6100000B6A35899558052C09A2F2C792D604440,165,458,40.751396,-74.005226,Manhattan,458,165,2015-04-10 02:39:04.244513+00,2015-04-10 02:39:04.244513+00
0101000020E6100000A3B8EF0C7F8052C065FAC311955F4440,166,459,40.746745,-74.007756,Manhattan,459,166,2015-04-10 02:39:04.244513+00,2015-04-10 02:39:04.244513+00
0101000020E6100000ECC653E3D97E52C0D1A889F0305E4440,167,461,40.73587678,-73.98205027,Manhattan,461,167,2015-04-10 02:39:04.244513+00,2015-04-10 02:39:04.244513+00
0101000020E6100000C2336E034A8052C0FD9254CA9A5F4440,168,462,40.74691959,-74.00451887,Manhattan,462,168,2015-04-10 02:39:04.244513+00,2015-04-10 02:39:04.244513+00
0101000020E6100000F778E695488052C0AB865CBAFB5E4440,169,463,40.74206539,-74.00443172,Manhattan,463,169,2015-04-10 02:39:04.244513+00,2015-04-10 02:39:04.244513+00
0101000020E6100000D1CBCC14ED7D52C0832247F231614440,170,464,40.75934501,-73.96759673,Manhattan,464,170,2015-04-10 02:39:04.244513+00,2015-04-10 02:39:04.244513+00
0101000020E6100000573CB91B247F52C04633F202A8604440,171,465,40.75513557,-73.98658032,Manhattan,465,171,2015-04-10 02:39:04.244513+00,2015-04-10 02:39:04.244513+00
0101000020E6100000280A3ADF737F52C0A9C8149E395F4440,172,466,40.74395411,-73.99144871,Manhattan,466,172,2015-04-10 02:39:04.244513+00,2015-04-10 02:39:04.244513+00
0101000020E6100000C7E21ACFD77E52C0FF771AF2F3614440,173,468,40.7652654,-73.98192338,Manhattan,468,173,2015-04-10 02:39:04.244513+00,2015-04-10 02:39:04.244513+00
0101000020E6100000B3A4013AE47E52C09B6C6726B8614440,174,469,40.76344058,-73.98268129,Manhattan,469,174,2015-04-10 02:39:04.244513+00,2015-04-10 02:39:04.244513+00
0101000020E6100000D9DAFFA2008052C00DDE6735295F4440,175,470,40.74345335,-74.00004031,Manhattan,470,175,2015-04-10 02:39:04.244513+00,2015-04-10 02:39:04.244513+00
0101000020E610000018E59637D87E52C079072A39735F4440,176,472,40.7457121,-73.98194829,Manhattan,472,176,2015-04-10 02:39:04.244513+00,2015-04-10 02:39:04.244513+00
0101000020E6100000125B9DAE7B7F52C0EDB43BC14C5C4440,177,473,40.72110063,-73.9919254,Manhattan,473,177,2015-04-10 02:39:04.244513+00,2015-04-10 02:39:04.244513+00
0101000020E61000001CA53036287F52C05FFC6862615F4440,178,474,40.7451677,-73.98683077,Manhattan,474,178,2015-04-10 02:39:04.244513+00,2015-04-10 02:39:04.244513+00
0101000020E6100000EF513794347F52C0A2BBFF291C5E4440,179,475,40.73524276,-73.98758561,Manhattan,475,179,2015-04-10 02:39:04.244513+00,2015-04-10 02:39:04.244513+00
0101000020E6100000A353B3BCB27E52C086F80E42395F4440,180,476,40.74394314,-73.97966069,Manhattan,476,180,2015-04-10 02:39:04.244513+00,2015-04-10 02:39:04.244513+00
0101000020E610000094DBC8905C7F52C0F069B99FD1604440,181,477,40.75640548,-73.9900262,Manhattan,477,181,2015-04-10 02:39:04.244513+00,2015-04-10 02:39:04.244513+00
0101000020E6100000DED9D601ED7F52C00289604551614440,182,478,40.76030096,-73.99884222,Manhattan,478,182,2015-04-10 02:39:04.244513+00,2015-04-10 02:39:04.244513+00
0101000020E6100000B56729B3707F52C019C0B5B74D614440,183,479,40.76019252,-73.9912551,Manhattan,479,183,2015-04-10 02:39:04.244513+00,2015-04-10 02:39:04.244513+00
0101000020E61000001706F43F667F52C0596CCDD822624440,184,480,40.76669671,-73.99061728,Manhattan,480,184,2015-04-10 02:39:04.244513+00,2015-04-10 02:39:04.244513+00
0101000020E6100000F421B3CCF47F52C0A6EB7CEDA25E4440,185,482,40.73935542,-73.99931783,Manhattan,482,185,2015-04-10 02:39:04.244513+00,2015-04-10 02:39:04.244513+00
0101000020E6100000D4B55D1B4A7F52C02216F487B95D4440,186,483,40.73223272,-73.98889957,Manhattan,483,186,2015-04-10 02:39:04.244513+00,2015-04-10 02:39:04.244513+00
0101000020E6100000781D66A9BA7E52C0D81502A7A3604440,187,484,40.75500254,-73.98014437,Manhattan,484,187,2015-04-10 02:39:04.244513+00,2015-04-10 02:39:04.244513+00
0101000020E6100000F2580DD6EF7E52C0CE87182F0C604440,188,485,40.75038009,-73.98338988,Manhattan,485,188,2015-04-10 02:39:04.244513+00,2015-04-10 02:39:04.244513+00
0101000020E61000001B5A7C7F447F52C00F58843D835F4440,189,486,40.7462009,-73.98855723,Manhattan,486,189,2015-04-10 02:39:04.244513+00,2015-04-10 02:39:04.244513+00
0101000020E6100000E103277B727E52C09B787E58D75D4440,190,487,40.73314259,-73.97573881,Manhattan,487,190,2015-04-10 02:39:04.244513+00,2015-04-10 02:39:04.244513+00
0101000020E6100000117A031F997F52C0CA194F5AD3604440,191,488,40.75645824,-73.99372222,Manhattan,488,191,2015-04-10 02:39:04.244513+00,2015-04-10 02:39:04.244513+00
0101000020E6100000739488F11C8052C0C1688A7B15604440,192,489,40.75066386,-74.00176802,Manhattan,489,192,2015-04-10 02:39:04.244513+00,2015-04-10 02:39:04.244513+00
0101000020E6100000E8FD48979C7F52C0B06E678D32604440,193,490,40.751551,-73.993934,Manhattan,490,193,2015-04-10 02:39:04.244513+00,2015-04-10 02:39:04.244513+00
0101000020E6100000903582F61A7F52C029D40AA1D75E4440,194,491,40.74096374,-73.98602213,Manhattan,491,194,2015-04-10 02:39:04.244513+00,2015-04-10 02:39:04.244513+00
0101000020E6100000858929636B7F52C0711EFA4706604440,195,492,40.75019995,-73.99093085,Manhattan,492,195,2015-04-10 02:39:04.244513+00,2015-04-10 02:39:04.244513+00
0101000020E6100000D9C8B4FFE77E52C0C4B1098EDE604440,196,493,40.7568001,-73.98291153,Manhattan,493,196,2015-04-10 02:39:04.244513+00,2015-04-10 02:39:04.244513+00
0101000020E6100000764FD0AED27F52C0D6C82FD6A85F4440,197,494,40.74734825,-73.99723551,Manhattan,494,197,2015-04-10 02:39:04.244513+00,2015-04-10 02:39:04.244513+00
0101000020E610000066DB0E7D8D7F52C07E2713D89F614440,198,495,40.76269882,-73.99301222,Manhattan,495,198,2015-04-10 02:39:04.244513+00,2015-04-10 02:39:04.244513+00
0101000020E6100000486AE649837F52C0A6B46E535E5E4440,199,496,40.73726186,-73.99238967,Manhattan,496,199,2015-04-10 02:39:04.244513+00,2015-04-10 02:39:04.244513+00
0101000020E6100000C0DACDA85D7F52C02B2DE160575E4440,200,497,40.73704984,-73.99009296,Manhattan,497,200,2015-04-10 02:39:04.244513+00,2015-04-10 02:39:04.244513+00
0101000020E6100000EB3048BF3C7F52C0DAF19D2BD05F4440,201,498,40.74854862,-73.98808416,Manhattan,498,201,2015-04-10 02:39:04.244513+00,2015-04-10 02:39:04.244513+00
0101000020E6100000A0EA41BAD77E52C061F9D86673624440,202,499,40.76915505,-73.98191841,Manhattan,499,202,2015-04-10 02:39:04.244513+00,2015-04-10 02:39:04.244513+00
0101000020E610000008806660EF7E52C021D60C6492614440,203,500,40.76228826,-73.98336183,Manhattan,500,203,2015-04-10 02:39:04.244513+00,2015-04-10 02:39:04.244513+00
0101000020E610000004D7EC50287E52C0C784224C425F4440,204,501,40.744219,-73.97121214,Manhattan,501,204,2015-04-10 02:39:04.244513+00,2015-04-10 02:39:04.244513+00
0101000020E6100000BDFC6859CE7E52C035D963206B5B4440,205,502,40.714215,-73.981346,Manhattan,502,205,2015-04-10 02:39:04.244513+00,2015-04-10 02:39:04.244513+00
0101000020E61000006F52AF7F337F52C04B4D3A807F5E4440,206,503,40.73827428,-73.98751968,Manhattan,503,206,2015-04-10 02:39:04.244513+00,2015-04-10 02:39:04.244513+00
0101000020E61000009A7CD66BD37E52C00AABEB10B95D4440,207,504,40.73221853,-73.98165557,Manhattan,504,207,2015-04-10 02:39:04.244513+00,2015-04-10 02:39:04.244513+00
0101000020E61000009DC81F4C437F52C0D978B060DF5F4440,208,505,40.74901271,-73.98848395,Manhattan,505,208,2015-04-10 02:39:04.244513+00,2015-04-10 02:39:04.244513+00
0101000020E6100000B21AF5FFB37E52C060AC0C699B5E4440,209,507,40.73912601,-73.97973776,Manhattan,507,209,2015-04-10 02:39:04.244513+00,2015-04-10 02:39:04.244513+00
0101000020E61000004F0A847DC97F52C0ED20AF45B7614440,210,508,40.76341379,-73.99667444,Manhattan,508,210,2015-04-10 02:39:04.244513+00,2015-04-10 02:39:04.244513+00
0101000020E6100000814F8846208052C0943E4C2F6C5F4440,211,509,40.7454973,-74.00197139,Manhattan,509,211,2015-04-10 02:39:04.244513+00,2015-04-10 02:39:04.244513+00
0101000020E6100000B297722FBF7E52C03BACB2065D614440,212,510,40.7606597,-73.98042047,Manhattan,510,212,2015-04-10 02:39:04.244513+00,2015-04-10 02:39:04.244513+00
0101000020E610000046FCDB02937E52C0947512475C5D4440,213,511,40.72938685,-73.97772429,Manhattan,511,213,2015-04-10 02:39:04.244513+00,2015-04-10 02:39:04.244513+00
0101000020E610000073ABCBA4E57F52C003F3871C02604440,214,512,40.7500727,-73.99839279,Manhattan,512,214,2015-04-10 02:39:04.244513+00,2015-04-10 02:39:04.244513+00
0101000020E6100000C0BE71D6457F52C053D84BE055624440,215,513,40.768254,-73.988639,Manhattan,513,215,2015-04-10 02:39:04.244513+00,2015-04-10 02:39:04.244513+00
0101000020E6100000F51C28782D8052C05A9DF11464614440,216,514,40.76087502,-74.00277668,Manhattan,514,216,2015-04-10 02:39:04.244513+00,2015-04-10 02:39:04.244513+00
0101000020E61000004271FCCDA77F52C0CF295F804A614440,217,515,40.76009437,-73.99461843,Manhattan,515,217,2015-04-10 02:39:04.244513+00,2015-04-10 02:39:04.244513+00
0101000020E6100000928E4121F17D52C017B6828343604440,218,516,40.75206862,-73.96784384,Manhattan,516,218,2015-04-10 02:39:04.244513+00,2015-04-10 02:39:04.244513+00
0101000020E6100000068382B9B47E52C0289DADE245604440,219,517,40.752141,-73.979782,Manhattan,517,219,2015-04-10 02:39:04.244513+00,2015-04-10 02:39:04.244513+00
0101000020E6100000976B37D94C7E52C032B705C3B75F4440,220,518,40.74780373,-73.9734419,Manhattan,518,220,2015-04-10 02:39:04.244513+00,2015-04-10 02:39:04.244513+00
0101000020E6100000C47927979D7E52C0CEFA8BE54E604440,221,519,40.752416,-73.97837,Manhattan,519,221,2015-04-10 02:39:04.244513+00,2015-04-10 02:39:04.244513+00
0101000020E61000009F3A90B57E7E52C0F72AA0DF44614440,222,520,40.75992262,-73.97648516,Manhattan,520,222,2015-04-10 02:39:04.244513+00,2015-04-10 02:39:04.244513+00
0101000020E6100000F2DDA1F3AA7F52C0B21E76790E604440,223,521,40.75044999,-73.99481051,Manhattan,521,223,2015-04-10 02:39:04.244513+00,2015-04-10 02:39:04.244513+00
0101000020E61000004A321C82367E52C045F1E7F0E9604440,224,522,40.75714758,-73.97207836,Manhattan,522,224,2015-04-10 02:39:04.244513+00,2015-04-10 02:39:04.244513+00
0101000020E6100000C3EB67C5727F52C0B658289F98604440,225,523,40.75466591,-73.99138152,Manhattan,523,225,2015-04-10 02:39:04.244513+00,2015-04-10 02:39:04.244513+00
0101000020E6100000E4482039EC7E52C0EF456284AC604440,226,524,40.75527307,-73.98316936,Manhattan,524,226,2015-04-10 02:39:04.244513+00,2015-04-10 02:39:04.244513+00
0101000020E6100000376E53A6228052C0A1B2556CC2604440,227,525,40.75594159,-74.0021163,Manhattan,525,227,2015-04-10 02:39:04.244513+00,2015-04-10 02:39:04.244513+00
0101000020E6100000886E9BB1087F52C0FF92E308B35F4440,228,526,40.74765947,-73.98490707,Manhattan,526,228,2015-04-10 02:39:04.244513+00,2015-04-10 02:39:04.244513+00
0101000020E61000009A4E8BAD777E52C04005F9DF3B5F4440,229,527,40.744023,-73.976056,Manhattan,527,229,2015-04-10 02:39:04.244513+00,2015-04-10 02:39:04.244513+00
0101000020E610000004B40D23887E52C096213B5F175F4440,230,528,40.74290902,-73.97706058,Manhattan,528,230,2015-04-10 02:39:04.244513+00,2015-04-10 02:39:04.244513+00
0101000020E610000003A693466C7F52C0E23595C7F7604440,231,529,40.7575699,-73.99098507,Manhattan,529,231,2015-04-10 02:39:04.244513+00,2015-04-10 02:39:04.244513+00
0101000020E610000023E20100657F52C0F24643F6C0624440,232,530,40.771522,-73.990541,Manhattan,530,232,2015-04-10 02:39:04.244513+00,2015-04-10 02:39:04.244513+00
0101000020E61000008AAFD3C3877F52C01F7682EC055C4440,233,531,40.71893904,-73.99266288,Manhattan,531,233,2015-04-10 02:39:04.244513+00,2015-04-10 02:39:04.244513+00
0101000020E6100000987FC0862E7F52C0185760EA61604440,234,533,40.75299641,-73.98721619,Manhattan,533,234,2015-04-10 02:39:04.244513+00,2015-04-10 02:39:04.244513+00
0101000020E61000001D44B96FD08052C08A12C4E8EC594440,235,534,40.70255065,-74.0127234,Manhattan,534,235,2015-04-10 02:39:04.244513+00,2015-04-10 02:39:04.244513+00
0101000020E61000000605BF496C7E52C04F66A95CE75E4440,236,536,40.74144387,-73.97536082,Manhattan,536,236,2015-04-10 02:39:04.244513+00,2015-04-10 02:39:04.244513+00
0101000020E6100000CD7D8B57FB7E52C016F46987C05E4440,237,537,40.74025878,-73.98409214,Manhattan,537,237,2015-04-10 02:39:04.244513+00,2015-04-10 02:39:04.244513+00
0101000020E61000000621EE80957E52C0B74DE55004614440,238,538,40.75795248,-73.97787642,Manhattan,538,238,2015-04-10 02:39:04.244513+00,2015-04-10 02:39:04.244513+00
0101000020E6100000D74B90E0EC7E52C0856EDA4FE85E4440,239,540,40.74147286,-73.98320928,Manhattan,540,239,2015-04-10 02:39:04.244513+00,2015-04-10 02:39:04.244513+00
0101000020E610000048D08D14997E52C0ADB9426D455E4440,240,545,40.736502,-73.97809472,Manhattan,545,240,2015-04-10 02:39:04.244513+00,2015-04-10 02:39:04.244513+00
0101000020E61000009586CB06EA7E52C0AEC246D7495F4440,241,546,40.74444921,-73.98303529,Manhattan,546,241,2015-04-10 02:39:04.244513+00,2015-04-10 02:39:04.244513+00
0101000020E61000002F51A146BC7E52C006FC18B4F85D4440,242,2003,40.73416059,-73.98024289,Manhattan,2003,242,2015-04-10 02:39:04.244513+00,2015-04-10 02:39:04.244513+00
0101000020E61000001599ED0B4D8052C0662CF8D5B85C4440,243,2004,40.724399,-74.004704,Manhattan,2004,243,2015-04-10 02:39:04.244513+00,2015-04-10 02:39:04.244513+00
0101000020E6100000E79F0C5B7C7E52C0031B070C09624440,244,2006,40.76590936,-73.97634151,Manhattan,2006,244,2015-04-10 02:39:04.244513+00,2015-04-10 02:39:04.244513+00
0101000020E61000005C831ED9128152C07D07D7DC535A4440,245,2008,40.70569254,-74.01677685,Manhattan,2008,245,2015-04-10 02:39:04.244513+00,2015-04-10 02:39:04.244513+00
0101000020E6100000E9CF03FACB7F52C0388C557E075B4440,246,2009,40.71117444,-73.99682619,Manhattan,2009,246,2015-04-10 02:39:04.244513+00,2015-04-10 02:39:04.244513+00
0101000020E610000024E1826F268052C098E009EA5E5C4440,247,2010,40.72165481,-74.00234737,Manhattan,2010,247,2015-04-10 02:39:04.244513+00,2015-04-10 02:39:04.244513+00
0101000020E610000005F744F7837E52C075A2EEDCA55E4440,248,2012,40.739445,-73.976806,Manhattan,2012,248,2015-04-10 02:39:04.244513+00,2015-04-10 02:39:04.244513+00
0101000020E610000038CA5059287E52C0F54D0C1107604440,249,2017,40.75022392,-73.97121414,Manhattan,2017,249,2015-04-10 02:39:04.244513+00,2015-04-10 02:39:04.244513+00
0101000020E610000077513B24457F52C0B0203B2F30614440,250,2021,40.75929124,-73.98859651,Manhattan,2021,250,2015-04-10 02:39:04.244513+00,2015-04-10 02:39:04.244513+00
0101000020E610000037A0769C637D52C0204DAAF715614440,251,2022,40.75849116,-73.95920622,Manhattan,2022,251,2015-04-10 02:39:04.244513+00,2015-04-10 02:39:04.244513+00
0101000020E6100000631B6D98197E52C0CF8081F33C614440,252,2023,40.75968085,-73.97031366,Manhattan,2023,252,2015-04-10 02:39:04.244513+00,2015-04-10 02:39:04.244513+00
0101000020E61000000C325E1F028152C00819018E125B4440,253,3002,40.711512,-74.015756,Manhattan,3002,253,2015-04-10 02:39:04.244513+00,2015-04-10 02:39:04.244513+00
0101000020E6100000ABCC6A561B8052C0A8D4DB4F9B5A4440,254,27999,40.707873,-74.00167,Manhattan,27999,254,2015-04-10 02:39:04.244513+00,2015-04-10 02:39:04.244513+00
0101000020E6100000F3D4A3925F8052C0A6D87CCDD45B4440,255,32099,40.71743998,-74.00583475,Manhattan,32099,255,2015-04-10 02:39:04.244513+00,2015-04-10 02:39:04.244513+00
0101000020E6100000AE6DE766E48052C073246FD1D7594440,256,42799,40.701907,-74.013942,Manhattan,42799,256,2015-04-10 02:39:04.244513+00,2015-04-10 02:39:04.244513+00
0101000020E6100000D3C4F156977E52C0B562C2A330604440,257,51798,40.75149263,-73.97798848,Manhattan,51798,257,2015-04-10 02:39:04.244513+00,2015-04-10 02:39:04.244513+00
0101000020E61000000462C70D967E52C0CAB20E8933604440,258,51799,40.751581,-73.97791,Manhattan,51799,258,2015-04-10 02:39:04.244513+00,2015-04-10 02:39:04.244513+00
0101000020E6100000A55423B6927E52C0842E881A3D604440,259,51998,40.751873,-73.977706,Manhattan,51998,259,2015-04-10 02:39:04.244513+00,2015-04-10 02:39:04.244513+00
0101000020E6100000C2A8D9A3927E52C04B7F4F773D604440,260,51999,40.75188406,-73.97770164,Manhattan,51999,260,2015-04-10 02:39:04.244513+00,2015-04-10 02:39:04.244513+00
0101000020E6100000EF3F92AE5B7E52C08CCA32741F5F4440,261,52799,40.74315566,-73.97434726,Manhattan,52799,261,2015-04-10 02:39:04.244513+00,2015-04-10 02:39:04.244513+00
0101000020E6100000F2318FF7817E52C0F22FCAF6D9604440,262,53899,40.75666,-73.976684,Manhattan,53899,262,2015-04-10 02:39:04.244513+00,2015-04-10 02:39:04.244513+00
0101000020E61000005DA79C0E7C7E52C0CE675F5787574440,1,83,40.68382604,-73.97632328,Brooklyn,83,1,2015-04-10 02:39:00.429106+00,2015-04-10 02:39:00.429106+00
0101000020E6100000DEF68316987E52C0DB18F32F19594440,2,119,40.69608941,-73.97803415,Brooklyn,119,2,2015-04-10 02:39:00.429106+00,2015-04-10 02:39:00.429106+00
0101000020E6100000B5E1FAD8647D52C0D96DB8BDE7574440,3,120,40.68676793,-73.95928168,Brooklyn,120,3,2015-04-10 02:39:00.429106+00,2015-04-10 02:39:00.429106+00
0101000020E61000006EA0D67F937F52C04AC22C21A0584440,4,143,40.69239502,-73.99337909,Brooklyn,143,4,2015-04-10 02:39:00.429106+00,2015-04-10 02:39:00.429106+00
0101000020E6100000D9CB5896C37E52C06D4BC7DD64594440,5,144,40.69839895,-73.98068914,Brooklyn,144,5,2015-04-10 02:39:00.429106+00,2015-04-10 02:39:00.429106+00
0101000020E610000086CCAE76C07F52C06393F8E66E584440,6,157,40.69089272,-73.99612349,Brooklyn,157,6,2015-04-10 02:39:00.429106+00,2015-04-10 02:39:00.429106+00
0101000020E610000060152AEEB57F52C05549DFBCA5594440,7,216,40.70037867,-73.99548059,Brooklyn,216,7,2015-04-10 02:39:00.429106+00,2015-04-10 02:39:00.429106+00
0101000020E6100000DE0077FC9A7F52C03D2D2326F4594440,8,217,40.70277159,-73.99383605,Brooklyn,217,8,2015-04-10 02:39:00.429106+00,2015-04-10 02:39:00.429106+00
0101000020E61000006B8C02262C7F52C07026C3F75A584440,9,218,40.69028437,-73.98707105,Brooklyn,218,9,2015-04-10 02:39:00.429106+00,2015-04-10 02:39:00.429106+00
0101000020E6100000E97086935E7F52C0912A927F15594440,10,232,40.69597683,-73.99014892,Brooklyn,232,10,2015-04-10 02:39:00.429106+00,2015-04-10 02:39:00.429106+00
0101000020E61000001CB43A39567F52C09F0F8059A2584440,11,233,40.69246277,-73.98963911,Brooklyn,233,11,2015-04-10 02:39:00.429106+00,2015-04-10 02:39:00.429106+00
0101000020E61000006D1F07A0CD7E52C0280D700F92584440,12,239,40.69196566,-73.9813018,Brooklyn,239,12,2015-04-10 02:39:00.429106+00,2015-04-10 02:39:00.429106+00
0101000020E61000004070D83F657E52C0D9DA626F4B584440,13,241,40.68981035,-73.97493121,Brooklyn,241,13,2015-04-10 02:39:00.429106+00,2015-04-10 02:39:00.429106+00
0101000020E6100000AD51D7DA4D7E52C06F41C8F953594440,14,242,40.69788349,-73.97350332,Brooklyn,242,14,2015-04-10 02:39:00.429106+00,2015-04-10 02:39:00.429106+00
0101000020E6100000ED19CF2BAE7E52C05111E68417584440,15,243,40.688226,-73.979382,Brooklyn,243,15,2015-04-10 02:39:00.429106+00,2015-04-10 02:39:00.429106+00
0101000020E6100000C1E9FC92C87D52C0C48CE4E291584440,16,244,40.69196035,-73.96536851,Brooklyn,244,16,2015-04-10 02:39:00.429106+00,2015-04-10 02:39:00.429106+00
0101000020E6100000594077C7877E52C0289A8BCEBC584440,17,245,40.69327018,-73.97703874,Brooklyn,245,17,2015-04-10 02:39:00.429106+00,2015-04-10 02:39:00.429106+00
0101000020E6100000377E9EB0017E52C068C1C83B3E584440,18,258,40.68940747,-73.96885458,Brooklyn,258,18,2015-04-10 02:39:00.429106+00,2015-04-10 02:39:00.429106+00
0101000020E6100000042FB9AEF37E52C0A1013042ED584440,19,261,40.69474881,-73.98362464,Brooklyn,261,19,2015-04-10 02:39:00.429106+00,2015-04-10 02:39:00.429106+00
0101000020E6100000FB882591517E52C030B7780D8C584440,20,262,40.69178232,-73.97372989,Brooklyn,262,20,2015-04-10 02:39:00.429106+00,2015-04-10 02:39:00.429106+00
0101000020E6100000F93503C5317E52C0CEA0C1A8B6584440,21,270,40.69308257,-73.97178913,Brooklyn,270,21,2015-04-10 02:39:00.429106+00,2015-04-10 02:39:00.429106+00
0101000020E61000006EE6187B987E52C01DB57F0AB7574440,22,271,40.68528172,-73.97805813,Brooklyn,271,22,2015-04-10 02:39:00.429106+00,2015-04-10 02:39:00.429106+00
0101000020E610000037E330EF817E52C097F40DAEEC574440,23,274,40.68691865,-73.976682,Brooklyn,274,23,2015-04-10 02:39:00.429106+00,2015-04-10 02:39:00.429106+00
0101000020E610000062F1A1E8CC7D52C028FA9DFBDE574440,24,275,40.68650065,-73.96563307,Brooklyn,275,24,2015-04-10 02:39:00.429106+00,2015-04-10 02:39:00.429106+00
0101000020E6100000A836175B067F52C09E3753D64C594440,25,278,40.69766564,-73.98476437,Brooklyn,278,25,2015-04-10 02:39:00.429106+00,2015-04-10 02:39:00.429106+00
0101000020E6100000AE6793D9E47E52C0989E8D0C95594440,26,279,40.69986937,-73.98271933,Brooklyn,279,26,2015-04-10 02:39:00.429106+00,2015-04-10 02:39:00.429106+00
0101000020E6100000F8778C46F97D52C01A98DF6AA85A4440,27,282,40.70827295,-73.96834101,Brooklyn,282,27,2015-04-10 02:39:00.429106+00,2015-04-10 02:39:00.429106+00
0101000020E6100000442E02225D7D52C0C05EE4A99F574440,28,289,40.6845683,-73.95881081,Brooklyn,289,28,2015-04-10 02:39:00.429106+00,2015-04-10 02:39:00.429106+00
0101000020E6100000224FF701B37E52C0F9C5DBD7E9574440,29,298,40.68683208,-73.9796772,Brooklyn,298,29,2015-04-10 02:39:00.429106+00,2015-04-10 02:39:00.429106+00
0101000020E61000006A314ADC4D7F52C0B12CBEB539584440,30,310,40.68926942,-73.98912867,Brooklyn,310,30,2015-04-10 02:39:00.429106+00,2015-04-10 02:39:00.429106+00
0101000020E6100000DB0898AAEB7D52C05029BF9B19594440,31,313,40.69610226,-73.96751037,Brooklyn,313,31,2015-04-10 02:39:00.429106+00,2015-04-10 02:39:00.429106+00
0101000020E6100000BE7955837F7F52C0DF2B85CEDC584440,32,314,40.69424674,-73.99215922,Brooklyn,314,32,2015-04-10 02:39:00.429106+00,2015-04-10 02:39:00.429106+00
0101000020E610000069D3FB82577F52C052EAB6A096594440,33,321,40.69991755,-73.98971773,Brooklyn,321,33,2015-04-10 02:39:00.429106+00,2015-04-10 02:39:00.429106+00
0101000020E610000066C49117707F52C06A178B8C1C594440,34,322,40.696192,-73.991218,Brooklyn,322,34,2015-04-10 02:39:00.429106+00,2015-04-10 02:39:00.429106+00
0101000020E6100000874339CD1F7F52C07D5C550A9F584440,35,323,40.69236178,-73.98631746,Brooklyn,323,35,2015-04-10 02:39:00.429106+00,2015-04-10 02:39:00.429106+00
0101000020E61000000A6AB6E4C87E52C0FD6AC3FA4D584440,36,324,40.689888,-73.981013,Brooklyn,324,36,2015-04-10 02:39:00.429106+00,2015-04-10 02:39:00.429106+00
0101000020E61000006473394D127E52C08627D2D355594440,37,343,40.69794,-73.96986848,Brooklyn,343,37,2015-04-10 02:39:00.429106+00,2015-04-10 02:39:00.429106+00
0101000020E61000001E4B122F0B7D52C0FC99B989B2574440,38,344,40.6851443,-73.95380904,Brooklyn,344,38,2015-04-10 02:39:00.429106+00,2015-04-10 02:39:00.429106+00
0101000020E6100000227B83255B7E52C0160861C6BA574440,39,353,40.68539567,-73.97431458,Brooklyn,353,39,2015-04-10 02:39:00.429106+00,2015-04-10 02:39:00.429106+00
0101000020E6100000EEBB873E957D52C0AFAA6BA4C8584440,40,354,40.69363137,-73.96223558,Brooklyn,354,40,2015-04-10 02:39:00.429106+00,2015-04-10 02:39:00.429106+00
0101000020E610000058F85786747D52C0DC26D70631584440,41,364,40.68900443,-73.96023854,Brooklyn,364,41,2015-04-10 02:39:00.429106+00,2015-04-10 02:39:00.429106+00
0101000020E6100000F0CA6282887D52C04F84BC1853574440,42,365,40.68223166,-73.9614583,Brooklyn,365,42,2015-04-10 02:39:00.429106+00,2015-04-10 02:39:00.429106+00
0101000020E61000008F66585E027E52C0DDFA8781BC584440,43,366,40.693261,-73.968896,Brooklyn,366,43,2015-04-10 02:39:00.429106+00,2015-04-10 02:39:00.429106+00
0101000020E61000000A3A844E517D52C07BA2E505E6584440,44,372,40.694528,-73.958089,Brooklyn,372,44,2015-04-10 02:39:00.429106+00,2015-04-10 02:39:00.429106+00
0101000020E6100000873DD45C0B7D52C08CBDA258BE584440,45,373,40.69331716,-73.95381995,Brooklyn,373,45,2015-04-10 02:39:00.429106+00,2015-04-10 02:39:00.429106+00
0101000020E610000025681255D27D52C008944D1C72574440,46,384,40.68317813,-73.9659641,Brooklyn,384,46,2015-04-10 02:39:00.429106+00,2015-04-10 02:39:00.429106+00
0101000020E6100000FC4D8FA4C67D52C0A178DF9BEF5A4440,47,389,40.71044554,-73.96525063,Brooklyn,389,47,2015-04-10 02:39:00.429106+00,2015-04-10 02:39:00.429106+00
0101000020E6100000F1F8F37DFE7E52C0927E85429A584440,48,390,40.69221589,-73.9842844,Brooklyn,390,48,2015-04-10 02:39:00.429106+00,2015-04-10 02:39:00.429106+00
0101000020E61000008869C196947F52C0A8105CBA4A594440,49,391,40.69760127,-73.99344559,Brooklyn,391,49,2015-04-10 02:39:00.429106+00,2015-04-10 02:39:00.429106+00
0101000020E610000097E473B82D7F52C0F5E2949EF7584440,50,392,40.695065,-73.987167,Brooklyn,392,50,2015-04-10 02:39:00.429106+00,2015-04-10 02:39:00.429106+00
0101000020E610000093983E93FB7E52C00E11886812584440,51,395,40.68807003,-73.98410637,Brooklyn,395,51,2015-04-10 02:39:00.429106+00,2015-04-10 02:39:00.429106+00
0101000020E6100000DF737B4B2B7D52C00B9DAC3015574440,52,396,40.680342423,-73.9557689392,Brooklyn,396,52,2015-04-10 02:39:00.429106+00,2015-04-10 02:39:00.429106+00
0101000020E61000000F6CC1B8077E52C045E7AE3392574440,53,397,40.68415748,-73.96922273,Brooklyn,397,53,2015-04-10 02:39:00.429106+00,2015-04-10 02:39:00.429106+00
0101000020E6100000875B2EA0FF7F52C05510D8C687584440,54,398,40.69165183,-73.9999786,Brooklyn,398,54,2015-04-10 02:39:00.429106+00,2015-04-10 02:39:00.429106+00
0101000020E6100000DB6C74A6BE7D52C0CDC90D0021584440,55,399,40.68851534,-73.9647628,Brooklyn,399,55,2015-04-10 02:39:00.429106+00,2015-04-10 02:39:00.429106+00
0101000020E61000004507BDA1BD7F52C0CE03D8B2F9584440,56,406,40.69512845,-73.99595065,Brooklyn,406,56,2015-04-10 02:39:00.429106+00,2015-04-10 02:39:00.429106+00
0101000020E61000002EAF6CF5737F52C007A19CB2A8594440,57,407,40.700469,-73.991454,Brooklyn,407,57,2015-04-10 02:39:00.429106+00,2015-04-10 02:39:00.429106+00
0101000020E61000007091A824367D52C02E41AFEE66584440,58,409,40.6906495,-73.95643107,Brooklyn,409,58,2015-04-10 02:39:00.429106+00,2015-04-10 02:39:00.429106+00
0101000020E6100000846841C2357F52C0144351B0F5594440,59,414,40.70281858,-73.98765762,Brooklyn,414,59,2015-04-10 02:39:00.429106+00,2015-04-10 02:39:00.429106+00
0101000020E6100000884170E73F7E52C035797CD800584440,60,416,40.68753406,-73.97265183,Brooklyn,416,60,2015-04-10 02:39:00.429106+00,2015-04-10 02:39:00.429106+00
0101000020E610000011B7CB88E27E52C09AF4D5BAE2594440,61,418,40.70224,-73.982578,Brooklyn,418,61,2015-04-10 02:39:00.429106+00,2015-04-10 02:39:00.429106+00
0101000020E61000000D387FB64E7E52C0DB0F59EF0F594440,62,419,40.69580705,-73.97355569,Brooklyn,419,62,2015-04-10 02:39:00.429106+00,2015-04-10 02:39:00.429106+00
0101000020E6100000FFE6835C0F7E52C066B5C67904584440,63,420,40.68764484,-73.96968902,Brooklyn,420,63,2015-04-10 02:39:00.429106+00,2015-04-10 02:39:00.429106+00
0101000020E6100000912986B3297E52C081B3638A0D594440,64,421,40.69573398,-73.97129668,Brooklyn,421,64,2015-04-10 02:39:00.429106+00,2015-04-10 02:39:00.429106+00
0101000020E61000009F426EED237F52C0A0AF46FEC9594440,65,430,40.7014851,-73.98656928,Brooklyn,430,65,2015-04-10 02:39:00.429106+00,2015-04-10 02:39:00.429106+00
0101000020E61000008494E574E37E52C0A0AE234B25584440,66,431,40.68864636,-73.98263429,Brooklyn,431,66,2015-04-10 02:39:00.429106+00,2015-04-10 02:39:00.429106+00
0101000020E6100000D2792A270E7D52C0C8FDEAEE50574440,67,436,40.68216564,-73.95399026,Brooklyn,436,67,2015-04-10 02:39:00.429106+00,2015-04-10 02:39:00.429106+00
0101000020E6100000BC0C0890CD7C52C09A6873312A574440,68,437,40.6809833854,-73.9500479759,Brooklyn,437,68,2015-04-10 02:39:00.429106+00,2015-04-10 02:39:00.429106+00
0101000020E6100000A995F99EB37D52C04B9E5EDDB05A4440,69,443,40.70853074,-73.96408963,Brooklyn,443,69,2015-04-10 02:39:00.429106+00,2015-04-10 02:39:00.429106+00
0101000020E610000065838A54D17D52C0ABDE59B03E5B4440,70,460,40.71285887,-73.96590294,Brooklyn,460,70,2015-04-10 02:39:00.429106+00,2015-04-10 02:39:00.429106+00
0101000020E6100000D3C19D1DA77E52C05472B35D70574440,71,467,40.68312489,-73.97895137,Brooklyn,467,71,2015-04-10 02:39:00.429106+00,2015-04-10 02:39:00.429106+00
0101000020E6100000AA7E06283F7D52C009BE9F003F5B4440,72,471,40.71286844,-73.95698119,Brooklyn,471,72,2015-04-10 02:39:00.429106+00,2015-04-10 02:39:00.429106+00
0101000020E6100000D2A1AFEF9B7D52C072D88D5D365B4440,73,481,40.71260486,-73.96264403,Brooklyn,481,73,2015-04-10 02:39:00.429106+00,2015-04-10 02:39:00.429106+00
0101000020E6100000A9F308F87E7D52C019AAACC9EF5A4440,74,532,40.710451,-73.960876,Brooklyn,532,74,2015-04-10 02:39:00.429106+00,2015-04-10 02:39:00.429106+00
0101000020E610000072735291747D52C0F7A6C542905B4440,75,539,40.71534825,-73.96024116,Brooklyn,539,75,2015-04-10 02:39:00.429106+00,2015-04-10 02:39:00.429106+00
0101000020E610000097683958527F52C0AAEAAEEAEC594440,76,2000,40.70255088,-73.98940236,Brooklyn,2000,76,2015-04-10 02:39:00.429106+00,2015-04-10 02:39:00.429106+00
0101000020E6100000D343B219B77E52C0F1FB23E491594440,77,2001,40.699773,-73.979927,Brooklyn,2001,77,2015-04-10 02:39:00.429106+00,2015-04-10 02:39:00.429106+00
0101000020E6100000BD333403A57D52C0E0F6BEAEC25B4440,78,2002,40.716887,-73.963198,Brooklyn,2002,78,2015-04-10 02:39:00.429106+00,2015-04-10 02:39:00.429106+00
0101000020E61000000B4181D9247E52C06F3A1F64475A4440,79,2005,40.70531194,-73.97100056,Brooklyn,2005,79,2015-04-10 02:39:00.429106+00,2015-04-10 02:39:00.429106+00
0101000020E61000004AEC604B9F7E52C0AB34EA6C0F584440,80,24399,40.687979,-73.978474,Brooklyn,24399,80,2015-04-10 02:39:00.429106+00,2015-04-10 02:39:00.429106+00
0101000020E6100000AFB8A3F7647F52C09FD1A726CF584440,81,31499,40.69383,-73.990539,Brooklyn,31499,81,2015-04-10 02:39:00.429106+00,2015-04-10 02:39:00.429106+00
0101000020E6100000DE40B7034B7E52C0BBC030F575594440,82,200199,40.69892054,-73.97332996,Brooklyn,200199,82,2015-04-10 02:39:00.429106+00,2015-04-10 02:39:00.429106+00
